[
	{"Name":"Cursor-Kun", "Story":"If you want, I could walk you home.", "Background":"classroom_day", "Portrait":"pink_kun"},
	{"Name":"Bucketina-Chan", "Story":"No, it's ok. I wouldn't want to bother you.", "Background":"classroom_day", "Portrait":"bucketina_chan"},
	{"Name":"Cursor-Kun", "Story":"It's not a bother at all, Bucketina-Chan. I don't mind.", "Background":"classroom_day", "Portrait":"pink_kun"},
	{"Name":"Bucketina-Chan", "Story":"Oh, o-ok. If I won't be bothering you, then.. I'd really like to walk with you.", "Background":"classroom_day", "Portrait":"bucketina_chan"},
	{"Name":" ", "Story":"The poor girl looks so relieved now. Kinda glad my words seemed to help her.", "Background":"classroom_day", "Portrait":"bucketina_chan"},
	{"Name":" ", "Story":"It's a beautiful day outside! The birds are chirping and it isn't too cold out. Even if I wasn't taking her home, I'd still probaby go for a jog.", "Background":"outside", "Portrait":"pink_kun"},
	{"Name":" ", "Story":"Oh shoot! I was so caught up with the whole car key conversation, that I forgot why I approached her in the first place.", "Background":"outside", "Portrait":"pink_kun"},
	{"Name":"Cursor-Kun", "Story":"Hey, Bucketina-Chan? I want to ask you something.", "Background":"outside", "Portrait":"pink_kun"},
	{"Name":"Bucketina-Chan", "Story":"Y-yeah? What's wrong Cursor-Kun?", "Background":"outside", "Portrait":"bucketina_chan"},
	{"Name":"Cursor-Kun", "Story":"Do you have a date for the dance yet?", "Background":"outside", "Portrait":"pink_kun"},
	{"Name":" ", "Story":"Bucketina-Chan stops dead in her tracks. She looks down, avoiding eye contact with me.", "Background":"outside", "Portrait":"bucketina_chan"},
	{"Name":"Bucketina-Chan", "Story":"No... N-no, I don't.", "Background":"outside", "Portrait":"bucketina_chan"},
	{"Name":" ", "Story":"Out of nowhere, her cheeks grow much redder than I've ever seen them before.", "Background":"outside", "Portrait":"bucketina_chan"},
	{"Name":"Bucketina-Chan", "Story":"To be honest, Cursor-Kun... I, uh... I really wanted to go with you.", "Background":"outside", "Portrait":"bucketina_chan"},
	{"Name":" ", "Story":"OH YEAH, I'M IN!", "Background":"outside", "Portrait":"pink_kun"},
	{"Name":"Cursor-Kun", "Story":"I really want that too, Bucketina-Chan.", "Background":"outside", "Portrait":"pink_kun"},
	{"Name":"Bucketina-Chan", "Story":"You do!?", "Background":"outside", "Portrait":"bucketina_chan"},
	{"Name":"Cursor-Kun", "Story":"Of course I do. Why wouldn't I? Your functionality is my all time favorite!", "Background":"outside", "Portrait":"pink_kun"},
	{"Name":"Bucketina-Chan", "Story":"T-thank you Cursor-Kun... You're really sweet.", "Background":"outside", "Portrait":"bucketina_chan"},
	{"Name":" ", "Story":"Yes! I scored a date for the pixel dance! That was a lot easier than I thought it would be.", "Background":"outside", "Portrait":"pink_kun", "Ending":"bucketina_normal"},
]
