[
	{"Name":" ", "Story":"I don't know what's wrong with me.", "Background":"eyesclosed", "Portrait":"none"},
	{"Name":" ", "Story":"I passed my last exam and I even got to eat gigabytes of my favorite meal. Memory macoroni!", "Background":"eyesclosed", "Portrait":"none"},
	{"Name":" ", "Story":"So why is my heart racing?", "Background":"eyesclosed", "Portrait":"none"},
	{"Name":"???", "Story":"Cursor-Kun, wake up!", "Background":"eyesclosed", "Portrait":"none"},
	{"Name":" ", "Story":"Something metal slams into my head and I jolt up.", "Background":"classroom_day", "Portrait":"none"},
	{"Name":" ", "Story":"The object clangs as it hits the floor and I realize it's an oversized bucket.", "Background":"classroom_day", "Portrait":"none"},
	{"Name":"Snippy-Sensei", "Story":"Don't you ever pay attention?! Listen when I'm talking, numbnuts!", "Background":"classroom_day", "Portrait":"walter"},
	{"Name":" ", "Story":"That's right, I remember now...", "Background":"classroom_day", "Portrait":"walter"},
	{"Name":"Snippy-Sensei", "Story":"Now, as I was saying, this event has been a tradition at MS High for decades, so it's crucial you all participate and find a date.", "Background":"classroom_day", "Portrait":"walter"},
	{"Name":" ", "Story":"It's the pixel dance. I need a date to go? I'll probably just stay home then.", "Background":"classroom_day", "Portrait":"walter"},
	{"Name":"Snippy-Sensei", "Story":"Or it's an AUTOMATIC FAILURE for the class.", "Background":"classroom_day", "Portrait":"walter"},
	{"Name":" ", "Story":"Well, nevermind.", "Background":"classroom_day", "Portrait":"walter"},
	{"Name":"Snippy-Sensei", "Story":"The dance is tomorrow. So find a date by then or I'll erase you! Class is dismissed!", "Background":"classroom_day", "Portrait":"walter"},
	{"Name":" ", "Story":"The other students start to disperse and I'm left wondering what I'm going to do..", "Background":"classroom_day", "Portrait":"none"},
	{"Name":" ", "Story":"Selectora, Lineroni, even ED. Nearly every girl in class has a date already!", "Background":"classroom_day", "Portrait":"none"},
	{"Name":" ", "Story":"I desperately look around the class to see who's still here. And my eyes meet with possible salvation.", "Background":"classroom_day", "Portrait":"none"},
	{"Name":" ", "Story":"Three girls stand alone in the room.", "Background":"classroom_day", "Portrait":"none"},
	{"Name":" ", "Story":"Bucketina-Chan. She's a bit clumsy and introverted but I'd wager she's as desperate as I am to find a date.", "Background":"classroom_day", "Portrait":"bucket_intro"},
	{"Name":" ", "Story":"Ares-Sama. She's kind of nuts, constantly telling people she's some sort of overlord with mystical powers. But she's never struck me as mean, so maybe she'd understand my plight.", "Background":"classroom_day", "Portrait":"ares_intro"},
	{"Name":" ", "Story":"And Bristle-Chan...", "Background":"classroom_day", "Portrait":"bristle_intro"},
	{"Name":" ", "Story":"The most beautiful and popular girl in school. And my old childhood friend. It's been years since we last spoke, and I doubt someone like her hasn't found someone by now. But maybe... Just maybe... She could go with me.", "Background":"classroom_day", "Portrait":"bristle_intro"},
	{"Name":" ", "Story":"Which one of these ladies should I talk to?", "Background":"classroom_day", "Portrait":"none", "Choices":["Ares-Sama", "Bucketina-Chan", "Bristle-Chan"], "Paths":["AresSama1.json", "BucketinaChan0.json", "BristleChan0.json"]}
]
