[
	{"Name":"Cursor-Kun", "Story":"'Fine.. You're right.'", "Background":"classroom_day", "Portrait":"cursor_kun"},
	{"Name":"Cursor-Kun", "Story":"'I'm sorry. You look nothing like an MS Troll and I was an idiot to even say that in the first place.'", "Background":"classroom_day", "Portrait":"cursor_kun"},
	{"Name":"Bristle-Chan", "Story":"'Good boy. Now I can I say this...'", "Background":"classroom_day", "Portrait":"bristle_chan"},
	{"Name":"Bristle-Chan", "Story":"'I'd love for you to use my functionality at the dance.'", "Background":"classroom_day", "Portrait":"bristle_chan"},
	{"Name":"Cursor-Kun", "Story":"WAHOOOOOO! I did it!", "Background":"classroom_day", "Portrait":"cursor_kun"},
	{"Name":"Cursor-Kun", "Story":"'Wanna to go get a McPalette meal?'", "Background":"classroom_day", "Portrait":"cursor_kun"},
	{"Name":"Britsle-Chan", "Story":"'You know it!'", "Background":"classroom_day", "Portrait":"bristle_chan"},
]